rho,T,invB,B,mu,E_ref,rank_by_abs_E_minus_mu,branch,n,E,E_minus_mu,abs_E_minus_mu,occupation
0.01,0.0002,10.0,0.1,0.19650500200585813,0.16137869955156953,1,LL0,0,0.19640000000000002,-0.00010500200585811248,0.00010500200585811248,0.6283185304822804
0.01,0.0002,10.0,0.1,0.19650500200585813,0.16137869955156953,2,LLTR+,1,0.2637090053514607,0.06720400334560256,0.06720400334560256,1.1704717224299842e-146
0.01,0.0002,10.0,0.1,0.19650500200585813,0.16137869955156953,3,LL+,1,0.44813134998830106,0.25162634798244293,0.25162634798244293,0.0
0.01,0.0002,10.0,0.1,0.19650500200585813,0.16137869955156953,4,LLTR+,2,0.47277490132914013,0.276269899323282,0.276269899323282,0.0
0.01,0.0002,10.0,0.1,0.19650500200585813,0.16137869955156953,5,LL+,2,0.6760377324737461,0.47953273046788797,0.47953273046788797,0.0
0.01,0.0002,10.0,0.1,0.19650500200585813,0.16137869955156953,6,LLTR+,3,0.6914780181524078,0.4949730161465497,0.4949730161465497,0.0
0.01,0.0002,10.0,0.1,0.19650500200585813,0.16137869955156953,7,LL+,3,0.9011946152088495,0.7046896132029914,0.7046896132029914,0.0
0.01,0.0002,10.0,0.1,0.19650500200585813,0.16137869955156953,8,LLTR+,4,0.9124432101439857,0.7159382081381276,0.7159382081381276,0.0
0.01,0.0002,12.0,0.08333333333333333,0.17804065968384739,0.15208703288490283,1,LL0,0,0.17781666666666668,-0.00022399301718070697,0.00022399301718070697,0.7539822401851252
0.01,0.0002,12.0,0.08333333333333333,0.17804065968384739,0.15208703288490283,2,LLTR+,1,0.24355386141421367,0.06551320173036629,0.06551320173036629,5.494016804215823e-143
0.01,0.0002,12.0,0.08333333333333333,0.17804065968384739,0.15208703288490283,3,LL+,1,0.3925879510039717,0.21454729132012432,0.21454729132012432,0.0
0.01,0.0002,12.0,0.08333333333333333,0.17804065968384739,0.15208703288490283,4,LLTR+,2,0.41671647701274905,0.23867581732890167,0.23867581732890167,0.0
0.01,0.0002,12.0,0.08333333333333333,0.17804065968384739,0.15208703288490283,5,LL+,2,0.5832104442643672,0.4051697845805198,0.4051697845805198,0.0
0.01,0.0002,12.0,0.08333333333333333,0.17804065968384739,0.15208703288490283,6,LLTR+,3,0.5984417454840147,0.42040108580016733,0.42040108580016733,0.0
0.01,0.0002,12.0,0.08333333333333333,0.17804065968384739,0.15208703288490283,7,LL+,3,0.7711609188933302,0.5931202592094827,0.5931202592094827,0.0
0.01,0.0002,12.0,0.08333333333333333,0.17804065968384739,0.15208703288490283,8,LLTR+,4,0.7822975769784664,0.604256917294619,0.604256917294619,0.0
0.01,0.0002,15.0,0.06666666666666667,0.15979260159980552,0.14279536621823619,1,LL0,0,0.15923333333333334,-0.0005592682664721793,0.0005592682664721793,0.9424777960933952
0.01,0.0002,15.0,0.06666666666666667,0.15979260159980552,0.14279536621823619,2,LLTR+,1,0.22300471789377554,0.06321211629397003,0.06321211629397003,5.452975174642722e-138
0.01,0.0002,15.0,0.06666666666666667,0.15979260159980552,0.14279536621823619,3,LL+,1,0.33714020865979033,0.1773476070599848,0.1773476070599848,0.0
0.01,0.0002,15.0,0.06666666666666667,0.15979260159980552,0.14279536621823619,4,LLTR+,2,0.360537540463718,0.20074493886391248,0.20074493886391248,0.0
0.01,0.0002,15.0,0.06666666666666667,0.15979260159980552,0.14279536621823619,5,LL+,2,0.49042486047557876,0.33063225887577324,0.33063225887577324,0.0
0.01,0.0002,15.0,0.06666666666666667,0.15979260159980552,0.14279536621823619,6,LLTR+,3,0.5053534541626398,0.34556085256283425,0.34556085256283425,0.0
0.01,0.0002,15.0,0.06666666666666667,0.15979260159980552,0.14279536621823619,7,LL+,3,0.6411506641447703,0.48135806254496477,0.48135806254496477,0.0
0.01,0.0002,15.0,0.06666666666666667,0.15979260159980552,0.14279536621823619,8,LLTR+,4,0.652123627885756,0.49233102628595043,0.49233102628595043,0.0
0.01,0.0002,18.0,0.05555555555555555,0.2086174792451671,0.13660092177379174,1,LLTR+,1,0.20899595522095082,0.00037847597578372083,0.00037847597578372083,0.130973355226523
0.01,0.0002,18.0,0.05555555555555555,0.2086174792451671,0.13660092177379174,2,LL0,0,0.14684444444444444,-0.06177303480072266,0.06177303480072266,1.0
0.01,0.0002,18.0,0.05555555555555555,0.2086174792451671,0.13660092177379174,3,LL+,1,0.30026662116193736,0.09164914191677026,0.09164914191677026,9.692079591065337e-200
0.01,0.0002,18.0,0.05555555555555555,0.2086174792451671,0.13660092177379174,4,LLTR+,2,0.3229773750360342,0.11435989579086708,0.11435989579086708,4.684265850055446e-249
0.01,0.0002,18.0,0.05555555555555555,0.2086174792451671,0.13660092177379174,5,LL+,2,0.42860800138873045,0.21999052214356335,0.21999052214356335,0.0
0.01,0.0002,18.0,0.05555555555555555,0.2086174792451671,0.13660092177379174,6,LLTR+,3,0.4432460339879386,0.2346285547427715,0.2346285547427715,0.0
0.01,0.0002,18.0,0.05555555555555555,0.2086174792451671,0.13660092177379174,7,LL+,3,0.5544999070113679,0.34588242776620076,0.34588242776620076,0.0
0.01,0.0002,18.0,0.05555555555555555,0.2086174792451671,0.13660092177379174,8,LLTR+,4,0.5653140152866268,0.35669653604145973,0.35669653604145973,0.0
0.01,0.0002,20.0,0.05,0.20165450605469068,0.13350369955156952,1,LLTR+,1,0.20186721036032798,0.00021270430563730125,0.00021270430563730125,0.25663706143575205
0.01,0.0002,20.0,0.05,0.20165450605469068,0.13350369955156952,2,LL0,0,0.14065,-0.06100450605469068,0.06100450605469068,1.0
0.01,0.0002,20.0,0.05,0.20165450605469068,0.13350369955156952,3,LL+,1,0.2818735927176666,0.08021908666297592,0.08021908666297592,6.404225193856327e-175
0.01,0.0002,20.0,0.05,0.20165450605469068,0.13350369955156952,4,LLTR+,2,0.3041490632965842,0.10249455724189352,0.10249455724189352,2.728329530174679e-223
0.01,0.0002,20.0,0.05,0.20165450605469068,0.13350369955156952,5,LL+,2,0.39771893981952455,0.19606443376483387,0.19606443376483387,0.0
0.01,0.0002,20.0,0.05,0.20165450605469068,0.13350369955156952,6,LLTR+,3,0.4121696189553141,0.21051511290062344,0.21051511290062344,0.0
0.01,0.0002,20.0,0.05,0.20165450605469068,0.13350369955156952,7,LL+,3,0.5111855640828216,0.30953105802813086,0.30953105802813086,0.0
0.01,0.0002,20.0,0.05,0.20165450605469068,0.13350369955156952,8,LLTR+,4,0.5218963449415965,0.3202418388869058,0.3202418388869058,0.0
0.01,0.0002,25.0,0.04,0.18881719994245177,0.1279286995515695,1,LLTR+,1,0.1887601797661692,-5.702017628256284e-05,5.702017628256284e-05,0.5707963267944535
0.01,0.0002,25.0,0.04,0.18881719994245177,0.1279286995515695,2,LL0,0,0.1295,-0.05931719994245177,0.05931719994245177,1.0
0.01,0.0002,25.0,0.04,0.18881719994245177,0.1279286995515695,3,LL+,1,0.2488817544026967,0.06006455446024492,0.06006455446024492,3.728011125010058e-131
0.01,0.0002,25.0,0.04,0.18881719994245177,0.1279286995515695,4,LLTR+,2,0.2701390933890049,0.0813218934465531,0.0813218934465531,2.580786576756741e-177
0.01,0.0002,25.0,0.04,0.18881719994245177,0.1279286995515695,5,LL+,2,0.34217040853340985,0.15335320859095808,0.15335320859095808,0.0
0.01,0.0002,25.0,0.04,0.18881719994245177,0.1279286995515695,6,LLTR+,3,0.35617340094324157,0.1673562010007898,0.1673562010007898,0.0
0.01,0.0002,25.0,0.04,0.18881719994245177,0.1279286995515695,7,LL+,3,0.43324951165639614,0.24443231171394436,0.24443231171394436,0.0
0.01,0.0002,25.0,0.04,0.18881719994245177,0.1279286995515695,8,LLTR+,4,0.443710536516414,0.25489333657396224,0.25489333657396224,0.0
0.01,0.0002,30.0,0.03333333333333333,0.18017427786264362,0.12421203288490285,1,LLTR+,1,0.17976623401206349,-0.00040804385058013093,0.00040804385058013093,0.8849555917992864
0.01,0.0002,30.0,0.03333333333333333,0.18017427786264362,0.12421203288490285,2,LL+,1,0.22701526064190927,0.046840982779265655,0.046840982779265655,1.9324054790695685e-102
0.01,0.0002,30.0,0.03333333333333333,0.18017427786264362,0.12421203288490285,3,LLTR0,0,0.126357399103139,-0.05381687875950461,0.05381687875950461,1.0
0.01,0.0002,30.0,0.03333333333333333,0.18017427786264362,0.12421203288490285,4,LLTR+,2,0.24734278983601662,0.06716851197337301,0.06716851197337301,1.3977498732814182e-146
0.01,0.0002,30.0,0.03333333333333333,0.18017427786264362,0.12421203288490285,5,LL+,2,0.30519636682087325,0.12502208895822964,0.12502208895822964,3.295969977482461e-272
0.01,0.0002,30.0,0.03333333333333333,0.18017427786264362,0.12421203288490285,6,LLTR+,3,0.31877889979439933,0.1386046219317557,0.1386046219317557,1.0565441355282305e-301
0.01,0.0002,30.0,0.03333333333333333,0.18017427786264362,0.12421203288490285,7,LL+,3,0.38132602922297354,0.20115175136032992,0.20115175136032992,0.0
0.01,0.0002,30.0,0.03333333333333333,0.18017427786264362,0.12421203288490285,8,LLTR+,4,0.3915488147953695,0.2113745369327259,0.2113745369327259,0.0
0.01,0.0002,35.0,0.02857142857142857,0.21121797691193567,0.12155727098014094,1,LL+,1,0.21149634405445458,0.0002783671425189149,0.0002783671425189149,0.1991148574947421
0.01,0.0002,35.0,0.02857142857142857,0.21121797691193567,0.12155727098014094,2,LLTR+,2,0.23097045286185536,0.01975247594991969,0.01975247594991969,1.2824588979222368e-43
0.01,0.0002,35.0,0.02857142857142857,0.21121797691193567,0.12155727098014094,3,LLTR+,1,0.1731757734906339,-0.03804220342130177,0.03804220342130177,1.0
0.01,0.0002,35.0,0.02857142857142857,0.21121797691193567,0.12155727098014094,4,LL+,2,0.2788329542232591,0.06761497731132343,0.06761497731132343,1.4994855963230374e-147
0.01,0.0002,35.0,0.02857142857142857,0.21121797691193567,0.12155727098014094,5,LLTR+,3,0.2920196886639219,0.08080171175198625,0.08080171175198625,3.477861547362347e-176
0.01,0.0002,35.0,0.02857142857142857,0.21121797691193567,0.12155727098014094,6,LLTR0,0,0.126357399103139,-0.08486057780879666,0.08486057780879666,1.0
0.01,0.0002,35.0,0.02857142857142857,0.21121797691193567,0.12155727098014094,7,LL+,3,0.344265298135081,0.13304732122314533,0.13304732122314533,1.2342774764334844e-289
0.01,0.0002,35.0,0.02857142857142857,0.21121797691193567,0.12155727098014094,8,LLTR+,4,0.35426054585582345,0.14304256894388778,0.14304256894388778,2.437856578264e-311
0.01,0.0002,40.0,0.025,0.19994731297453447,0.11956619955156951,1,LL+,1,0.19993669118036786,-1.06217941666098e-05,1.06217941666098e-05,0.5132741228135249
0.01,0.0002,40.0,0.025,0.19994731297453447,0.11956619955156951,2,LLTR+,2,0.2186242497907187,0.018676936816184236,0.018676936816184236,2.7768154009231844e-41
0.01,0.0002,40.0,0.025,0.19994731297453447,0.11956619955156951,3,LLTR+,1,0.1681189583954214,-0.031828354579113066,0.031828354579113066,1.0
0.01,0.0002,40.0,0.025,0.19994731297453447,0.11956619955156951,4,LL+,2,0.2590984419502379,0.05915112897570343,0.05915112897570343,3.5888510795060143e-129
0.01,0.0002,40.0,0.025,0.19994731297453447,0.11956619955156951,5,LLTR+,3,0.27191182130198444,0.07196450832744997,0.07196450832744997,5.383388253383243e-157
0.01,0.0002,40.0,0.025,0.19994731297453447,0.11956619955156951,6,LLTR0,0,0.126357399103139,-0.07358991387139546,0.07358991387139546,1.0
0.01,0.0002,40.0,0.025,0.19994731297453447,0.11956619955156951,7,LL+,3,0.3164924920920751,0.11654517911754061,0.11654517911754061,8.420911131439023e-254
0.01,0.0002,40.0,0.025,0.19994731297453447,0.11956619955156951,8,LLTR+,4,0.3262701696941135,0.12632285671957902,0.12632285671957902,4.9363045056267205e-275
0.01,0.0002,50.0,0.02,0.20084581674404217,0.11677869955156951,1,LLTR+,2,0.2012062416331555,0.0003604248891133366,0.0003604248891133366,0.14159265425673773
0.01,0.0002,50.0,0.02,0.20084581674404217,0.11677869955156951,2,LL+,1,0.18392099526777073,-0.016924821476271446,0.016924821476271446,1.0
0.01,0.0002,50.0,0.02,0.20084581674404217,0.11677869955156951,3,LL+,2,0.2315534206774795,0.030707603933437327,0.030707603933437327,2.0858606741126403e-67
0.01,0.0002,50.0,0.02,0.20084581674404217,0.11677869955156951,4,LLTR+,1,0.1608326606118333,-0.04001315613220888,0.04001315613220888,1.0
0.01,0.0002,50.0,0.02,0.20084581674404217,0.11677869955156951,5,LLTR+,3,0.24367992363176919,0.042834106887727014,0.042834106887727014,9.703283203285267e-94
0.01,0.0002,50.0,0.02,0.20084581674404217,0.11677869955156951,6,LLTR0,0,0.126357399103139,-0.07448841764090317,0.07448841764090317,1.0
0.01,0.0002,50.0,0.02,0.20084581674404217,0.11677869955156951,7,LL+,3,0.27766131222593193,0.07681549548188976,0.07681549548188976,1.5749651114261859e-167
0.01,0.0002,50.0,0.02,0.20084581674404217,0.11677869955156951,8,LLTR+,4,0.2870311619561936,0.08618534521215143,0.08618534521215143,7.094156536313891e-188
0.01,0.0002,60.0,0.016666666666666666,0.18971611353653076,0.11492036621823618,1,LLTR+,2,0.18947455157979848,-0.00024156195673227798,0.00024156195673227798,0.7699111860950753
0.01,0.0002,60.0,0.016666666666666666,0.18971611353653076,0.11492036621823618,2,LL+,1,0.17340235796801967,-0.016313755568511085,0.016313755568511085,1.0
0.01,0.0002,60.0,0.016666666666666666,0.18971611353653076,0.11492036621823618,3,LL+,2,0.2132726580039645,0.023556544467433743,0.023556544467433743,7.040664102917467e-52
0.01,0.0002,60.0,0.016666666666666666,0.18971611353653076,0.11492036621823618,4,LLTR+,1,0.15580604897569642,-0.03391006456083434,0.03391006456083434,1.0
0.01,0.0002,60.0,0.016666666666666666,0.18971611353653076,0.11492036621823618,5,LLTR+,3,0.22478169606277087,0.03506558252624012,0.03506558252624012,7.178852342027351e-77
0.01,0.0002,60.0,0.016666666666666666,0.18971611353653076,0.11492036621823618,6,LL+,3,0.25182539720549957,0.06210928366896881,0.06210928366896881,1.3533313363650824e-135
0.01,0.0002,60.0,0.016666666666666666,0.18971611353653076,0.11492036621823618,7,LLTR0,0,0.126357399103139,-0.06335871443339175,0.06335871443339175,1.0
0.01,0.0002,60.0,0.016666666666666666,0.18971611353653076,0.11492036621823618,8,LLTR+,4,0.2608200882803535,0.07110397474382277,0.07110397474382277,3.97814525745817e-155
0.01,0.0002,70.0,0.014285714285714285,0.20019420259085444,0.11359298526585522,1,LL+,2,0.20027677194563545,8.256935478101468e-05,8.256935478101468e-05,0.39822971501236903
0.01,0.0002,70.0,0.014285714285714285,0.20019420259085444,0.11359298526585522,2,LLTR+,3,0.2112275950745965,0.011033392483742077,0.011033392483742077,1.099746625862224e-24
0.01,0.0002,70.0,0.014285714285714285,0.20019420259085444,0.11359298526585522,3,LLTR+,2,0.1810136965284933,-0.01918050606236113,0.01918050606236113,1.0
0.01,0.0002,70.0,0.014285714285714285,0.20019420259085444,0.11359298526585522,4,LL+,3,0.23341087529437274,0.0332166727035183,0.0332166727035183,7.428680640128757e-73
0.01,0.0002,70.0,0.014285714285714285,0.20019420259085444,0.11359298526585522,5,LL+,1,0.1660006764614494,-0.034193526129405044,0.034193526129405044,1.0
0.01,0.0002,70.0,0.014285714285714285,0.20019420259085444,0.11359298526585522,6,LLTR+,4,0.2420592339322761,0.041865031341421666,0.041865031341421666,1.2337850927712064e-91
0.01,0.0002,70.0,0.014285714285714285,0.20019420259085444,0.11359298526585522,7,LLTR+,1,0.15211109199923098,-0.04808311059162346,0.04808311059162346,1.0
0.01,0.0002,70.0,0.014285714285714285,0.20019420259085444,0.11359298526585522,8,LL+,4,0.2660695748435494,0.06587537225269494,0.06587537225269494,8.98352305418281e-144
0.01,0.0002,80.0,0.0125,0.20030048011888243,0.1125974495515695,1,LLTR+,3,0.20102085703815614,0.0007203769192737075,0.0007203769192737075,0.026548245648996705
0.01,0.0002,80.0,0.0125,0.20030048011888243,0.1125974495515695,2,LL+,2,0.19057718634522744,-0.009723293773654995,0.009723293773654995,1.0
0.01,0.0002,80.0,0.0125,0.20030048011888243,0.1125974495515695,3,LL+,3,0.21963126958314919,0.01933078946426675,0.01933078946426675,1.0561461595974483e-42
0.01,0.0002,80.0,0.0125,0.20030048011888243,0.1125974495515695,4,LLTR+,2,0.17461073892794624,-0.0256897411909362,0.0256897411909362,1.0
0.01,0.0002,80.0,0.0125,0.20030048011888243,0.1125974495515695,5,LLTR+,4,0.22795888283181318,0.02765840271293074,0.02765840271293074,8.720504641544044e-61
0.01,0.0002,80.0,0.0125,0.20030048011888243,0.1125974495515695,6,LL+,1,0.16052989806104276,-0.039770582057839676,0.039770582057839676,1.0
0.01,0.0002,80.0,0.0125,0.20030048011888243,0.1125974495515695,7,LL+,4,0.24825780142579001,0.04795732130690758,0.04795732130690758,7.277797169674767e-105
0.01,0.0002,80.0,0.0125,0.20030048011888243,0.1125974495515695,8,LLTR+,1,0.14927116236690546,-0.05102931775197697,0.05102931775197697,1.0
0.01,0.0002,90.0,0.011111111111111112,0.1931789682148461,0.11182314399601395,1,LLTR+,3,0.1930508679506557,-0.0001281002641903839,0.0001281002641903839,0.6548667760990011
0.01,0.0002,90.0,0.011111111111111112,0.1931789682148461,0.11182314399601395,2,LL+,2,0.1830699889168776,-0.010108979297968501,0.010108979297968501,1.0
0.01,0.0002,90.0,0.011111111111111112,0.1931789682148461,0.11182314399601395,3,LL+,3,0.20893889505658225,0.01575992684173616,0.01575992684173616,5.994509974527966e-35
0.01,0.0002,90.0,0.011111111111111112,0.1931789682148461,0.11182314399601395,4,LLTR+,2,0.16958875644065105,-0.02359021177419504,0.02359021177419504,1.0
0.01,0.0002,90.0,0.011111111111111112,0.1931789682148461,0.11182314399601395,5,LLTR+,4,0.21696859369010293,0.023789625475256843,0.023789625475256843,2.1952533458888915e-52
0.01,0.0002,90.0,0.011111111111111112,0.1931789682148461,0.11182314399601395,6,LL+,1,0.15633406299560057,-0.03684490521924552,0.03684490521924552,1.0
0.01,0.0002,90.0,0.011111111111111112,0.1931789682148461,0.11182314399601395,7,LL+,4,0.234422387670312,0.04124341945546592,0.04124341945546592,2.7609120889135765e-90
0.01,0.0002,90.0,0.011111111111111112,0.1931789682148461,0.11182314399601395,8,LLTR+,1,0.14701500091975717,-0.046163967295088926,0.046163967295088926,1.0
0.01,0.0002,100.0,0.01,0.20021967930943724,0.1112036995515695,1,LL+,3,0.20040542248547746,0.00018574317604022617,0.00018574317604022617,0.2831853071796242
0.01,0.0002,100.0,0.01,0.20021967930943724,0.1112036995515695,2,LLTR+,4,0.20815767273513683,0.007937993425699591,0.007937993425699591,5.792503290549152e-18
0.01,0.0002,100.0,0.01,0.20021967930943724,0.1112036995515695,3,LLTR+,3,0.18665037969341128,-0.01356929961602596,0.01356929961602596,1.0
0.01,0.0002,100.0,0.01,0.20021967930943724,0.1112036995515695,4,LL+,2,0.17709348746226297,-0.023126191847174266,0.023126191847174266,1.0
0.01,0.0002,100.0,0.01,0.20021967930943724,0.1112036995515695,5,LL+,4,0.22336910941563562,0.023149430106198382,0.023149430106198382,5.390775282115012e-51
0.01,0.0002,100.0,0.01,0.20021967930943724,0.1112036995515695,6,LLTR+,5,0.2298954306023368,0.029675751292899566,0.029675751292899566,3.630152215764655e-65
0.01,0.0002,100.0,0.01,0.20021967930943724,0.1112036995515695,7,LLTR+,2,0.1655396881369804,-0.03467999117245685,0.03467999117245685,1.0
0.01,0.0002,100.0,0.01,0.20021967930943724,0.1112036995515695,8,LL+,5,0.24614056468777273,0.045920885378335496,0.045920885378335496,1.9233768316918567e-100
0.02,0.0002,10.0,0.1,0.26349630104584304,0.16137869955156953,1,LLTR+,1,0.2637090053514607,0.0002127043056176503,0.0002127043056176503,0.2566370614544965
0.02,0.0002,10.0,0.1,0.26349630104584304,0.16137869955156953,2,LL0,0,0.19640000000000002,-0.06709630104584302,0.06709630104584302,1.0
0.02,0.0002,10.0,0.1,0.26349630104584304,0.16137869955156953,3,LL+,1,0.44813134998830106,0.18463504894245802,0.18463504894245802,0.0
0.02,0.0002,10.0,0.1,0.26349630104584304,0.16137869955156953,4,LLTR+,2,0.47277490132914013,0.2092786002832971,0.2092786002832971,0.0
0.02,0.0002,10.0,0.1,0.26349630104584304,0.16137869955156953,5,LL+,2,0.6760377324737461,0.41254143142790306,0.41254143142790306,0.0
0.02,0.0002,10.0,0.1,0.26349630104584304,0.16137869955156953,6,LLTR+,3,0.6914780181524078,0.4279817171065648,0.4279817171065648,0.0
0.02,0.0002,10.0,0.1,0.26349630104584304,0.16137869955156953,7,LL+,3,0.9011946152088495,0.6376983141630064,0.6376983141630064,0.0
0.02,0.0002,10.0,0.1,0.26349630104584304,0.16137869955156953,8,LLTR+,4,0.9124432101439857,0.6489469090981426,0.6489469090981426,0.0
0.02,0.0002,12.0,0.08333333333333333,0.2435602335321663,0.15208703288490283,1,LLTR+,1,0.24355386141421367,-6.372117952624379e-06,6.372117952624379e-06,0.5079644737259436
0.02,0.0002,12.0,0.08333333333333333,0.2435602335321663,0.15208703288490283,2,LL0,0,0.17781666666666668,-0.06574356686549962,0.06574356686549962,1.0
0.02,0.0002,12.0,0.08333333333333333,0.2435602335321663,0.15208703288490283,3,LL+,1,0.3925879510039717,0.1490277174718054,0.1490277174718054,0.0
0.02,0.0002,12.0,0.08333333333333333,0.2435602335321663,0.15208703288490283,4,LLTR+,2,0.41671647701274905,0.17315624348058276,0.17315624348058276,0.0
0.02,0.0002,12.0,0.08333333333333333,0.2435602335321663,0.15208703288490283,5,LL+,2,0.5832104442643672,0.3396502107322009,0.3396502107322009,0.0
0.02,0.0002,12.0,0.08333333333333333,0.2435602335321663,0.15208703288490283,6,LLTR+,3,0.5984417454840147,0.35488151195184847,0.35488151195184847,0.0
0.02,0.0002,12.0,0.08333333333333333,0.2435602335321663,0.15208703288490283,7,LL+,3,0.7711609188933302,0.5276006853611639,0.5276006853611639,0.0
0.02,0.0002,12.0,0.08333333333333333,0.2435602335321663,0.15208703288490283,8,LLTR+,4,0.7822975769784664,0.5387373434463001,0.5387373434463001,0.0
0.02,0.0002,15.0,0.06666666666666667,0.22341276174198493,0.14279536621823619,1,LLTR+,1,0.22300471789377554,-0.00040804384820938844,0.00040804384820938844,0.8849555905924694
0.02,0.0002,15.0,0.06666666666666667,0.22341276174198493,0.14279536621823619,2,LL0,0,0.15923333333333334,-0.0641794284086516,0.0641794284086516,1.0
0.02,0.0002,15.0,0.06666666666666667,0.22341276174198493,0.14279536621823619,3,LL+,1,0.33714020865979033,0.1137274469178054,0.1137274469178054,1.1065901834175261e-247
0.02,0.0002,15.0,0.06666666666666667,0.22341276174198493,0.14279536621823619,4,LLTR+,2,0.360537540463718,0.13712477872173306,0.13712477872173306,1.7271352369862576e-298
0.02,0.0002,15.0,0.06666666666666667,0.22341276174198493,0.14279536621823619,5,LL+,2,0.49042486047557876,0.26701209873359383,0.26701209873359383,0.0
0.02,0.0002,15.0,0.06666666666666667,0.22341276174198493,0.14279536621823619,6,LLTR+,3,0.5053534541626398,0.28194069242065484,0.28194069242065484,0.0
0.02,0.0002,15.0,0.06666666666666667,0.22341276174198493,0.14279536621823619,7,LL+,3,0.6411506641447703,0.41773790240278535,0.41773790240278535,0.0
0.02,0.0002,15.0,0.06666666666666667,0.22341276174198493,0.14279536621823619,8,LLTR+,4,0.652123627885756,0.428710866143771,0.428710866143771,0.0
0.02,0.0002,18.0,0.05555555555555555,0.3000594461727643,0.13660092177379174,1,LL+,1,0.30026662116193736,0.00020717498917305344,0.00020717498917305344,0.2619467097436056
0.02,0.0002,18.0,0.05555555555555555,0.3000594461727643,0.13660092177379174,2,LLTR+,2,0.3229773750360342,0.022917928863269876,0.022917928863269876,1.715338321806883e-50
0.02,0.0002,18.0,0.05555555555555555,0.3000594461727643,0.13660092177379174,3,LLTR+,1,0.20899595522095082,-0.09106349095181349,0.09106349095181349,1.0
0.02,0.0002,18.0,0.05555555555555555,0.3000594461727643,0.13660092177379174,4,LL+,2,0.42860800138873045,0.12854855521596614,0.12854855521596614,7.250351558380696e-280
0.02,0.0002,18.0,0.05555555555555555,0.3000594461727643,0.13660092177379174,5,LLTR+,3,0.4432460339879386,0.1431865878151743,0.1431865878151743,1.186520228079e-311
0.02,0.0002,18.0,0.05555555555555555,0.3000594461727643,0.13660092177379174,6,LL0,0,0.14684444444444444,-0.15321500172831987,0.15321500172831987,1.0
0.02,0.0002,18.0,0.05555555555555555,0.3000594461727643,0.13660092177379174,7,LL+,3,0.5544999070113679,0.25444046083860355,0.25444046083860355,0.0
0.02,0.0002,18.0,0.05555555555555555,0.3000594461727643,0.13660092177379174,8,LLTR+,4,0.5653140152866268,0.2652545691138625,0.2652545691138625,0.0
0.02,0.0002,20.0,0.05,0.28188421451187995,0.13350369955156952,1,LL+,1,0.2818735927176666,-1.0621794213350189e-05,1.0621794213350189e-05,0.5132741228719092
0.02,0.0002,20.0,0.05,0.28188421451187995,0.13350369955156952,2,LLTR+,2,0.3041490632965842,0.02226484878470425,0.02226484878470425,4.4925731991964074e-49
0.02,0.0002,20.0,0.05,0.28188421451187995,0.13350369955156952,3,LLTR+,1,0.20186721036032798,-0.08001700415155197,0.08001700415155197,1.0
0.02,0.0002,20.0,0.05,0.28188421451187995,0.13350369955156952,4,LL+,2,0.39771893981952455,0.1158347253076446,0.1158347253076446,2.9382580221554916e-252
0.02,0.0002,20.0,0.05,0.28188421451187995,0.13350369955156952,5,LLTR+,3,0.4121696189553141,0.13028540444343417,0.13028540444343417,1.2269839686323504e-283
0.02,0.0002,20.0,0.05,0.28188421451187995,0.13350369955156952,6,LL0,0,0.14065,-0.14123421451187995,0.14123421451187995,1.0
0.02,0.0002,20.0,0.05,0.28188421451187995,0.13350369955156952,7,LL+,3,0.5111855640828216,0.22930134957094161,0.22930134957094161,0.0
0.02,0.0002,20.0,0.05,0.28188421451187995,0.13350369955156952,8,LLTR+,4,0.5218963449415965,0.24001213042971659,0.24001213042971659,0.0
0.02,0.0002,25.0,0.04,0.2697786684985392,0.1279286995515695,1,LLTR+,2,0.2701390933890049,0.0003604248904656715,0.0003604248904656715,0.14159265343489555
0.02,0.0002,25.0,0.04,0.2697786684985392,0.1279286995515695,2,LL+,1,0.2488817544026967,-0.020896914095842517,0.020896914095842517,1.0
0.02,0.0002,25.0,0.04,0.2697786684985392,0.1279286995515695,3,LL+,2,0.34217040853340985,0.07239174003487064,0.07239174003487064,6.3581949152177785e-158
0.02,0.0002,25.0,0.04,0.2697786684985392,0.1279286995515695,4,LLTR+,1,0.1887601797661692,-0.08101848873237,0.08101848873237,1.0
0.02,0.0002,25.0,0.04,0.2697786684985392,0.1279286995515695,5,LLTR+,3,0.35617340094324157,0.08639473244470236,0.08639473244470236,2.4901308501795433e-188
0.02,0.0002,25.0,0.04,0.2697786684985392,0.1279286995515695,6,LL0,0,0.1295,-0.1402786684985392,0.1402786684985392,1.0
0.02,0.0002,25.0,0.04,0.2697786684985392,0.1279286995515695,7,LL+,3,0.43324951165639614,0.16347084315785693,0.16347084315785693,0.0
0.02,0.0002,25.0,0.04,0.2697786684985392,0.1279286995515695,8,LLTR+,4,0.443710536516414,0.1739318680178748,0.1739318680178748,0.0
0.02,0.0002,30.0,0.03333333333333333,0.24758435179440957,0.12421203288490285,1,LLTR+,2,0.24734278983601662,-0.00024156195839294958,0.00024156195839294958,0.7699111875659981
0.02,0.0002,30.0,0.03333333333333333,0.24758435179440957,0.12421203288490285,2,LL+,1,0.22701526064190927,-0.0205690911525003,0.0205690911525003,1.0
0.02,0.0002,30.0,0.03333333333333333,0.24758435179440957,0.12421203288490285,3,LL+,2,0.30519636682087325,0.05761201502646368,0.05761201502646368,7.890398061121605e-126
0.02,0.0002,30.0,0.03333333333333333,0.24758435179440957,0.12421203288490285,4,LLTR+,1,0.17976623401206349,-0.06781811778234609,0.06781811778234609,1.0
0.02,0.0002,30.0,0.03333333333333333,0.24758435179440957,0.12421203288490285,5,LLTR+,3,0.31877889979439933,0.07119454799998975,0.07119454799998975,2.529317273948005e-155
0.02,0.0002,30.0,0.03333333333333333,0.24758435179440957,0.12421203288490285,6,LLTR0,0,0.126357399103139,-0.12122695269127057,0.12122695269127057,1.0
0.02,0.0002,30.0,0.03333333333333333,0.24758435179440957,0.12421203288490285,7,LL+,3,0.38132602922297354,0.13374167742856397,0.13374167742856397,3.833870696021897e-291
0.02,0.0002,30.0,0.03333333333333333,0.24758435179440957,0.12421203288490285,8,LLTR+,4,0.3915488147953695,0.14396446300095994,0.14396446300095994,2.4273960595e-313
0.02,0.0002,35.0,0.02857142857142857,0.27875038486845083,0.12155727098014094,1,LL+,2,0.2788329542232591,8.256935480827066e-05,8.256935480827066e-05,0.39822971497971055
0.02,0.0002,35.0,0.02857142857142857,0.27875038486845083,0.12155727098014094,2,LLTR+,3,0.2920196886639219,0.013269303795471088,0.013269303795471088,1.5348746546122673e-29
0.02,0.0002,35.0,0.02857142857142857,0.27875038486845083,0.12155727098014094,3,LLTR+,2,0.23097045286185536,-0.04777993200659547,0.04777993200659547,1.0
0.02,0.0002,35.0,0.02857142857142857,0.27875038486845083,0.12155727098014094,4,LL+,3,0.344265298135081,0.06551491326663017,0.06551491326663017,5.447201360771196e-143
0.02,0.0002,35.0,0.02857142857142857,0.27875038486845083,0.12155727098014094,5,LL+,1,0.21149634405445458,-0.06725404081399625,0.06725404081399625,1.0
0.02,0.0002,35.0,0.02857142857142857,0.27875038486845083,0.12155727098014094,6,LLTR+,4,0.35426054585582345,0.07551016098737262,0.07551016098737262,1.0758922466005198e-164
0.02,0.0002,35.0,0.02857142857142857,0.27875038486845083,0.12155727098014094,7,LLTR+,1,0.1731757734906339,-0.10557461137781693,0.10557461137781693,1.0
0.02,0.0002,35.0,0.02857142857142857,0.27875038486845083,0.12155727098014094,8,LL+,4,0.4089966213995744,0.13024623653112355,0.13024623653112355,1.4924195495717233e-283
0.02,0.0002,40.0,0.025,0.2711914443825417,0.11956619955156951,1,LLTR+,3,0.27191182130198444,0.0007203769194427112,0.0007203769194427112,0.026548245627158518
0.02,0.0002,40.0,0.025,0.2711914443825417,0.11956619955156951,2,LL+,2,0.2590984419502379,-0.012093002432303823,0.012093002432303823,1.0
0.02,0.0002,40.0,0.025,0.2711914443825417,0.11956619955156951,3,LL+,3,0.3164924920920751,0.04530104770953336,0.04530104770953336,4.266038559245366e-99
0.02,0.0002,40.0,0.025,0.2711914443825417,0.11956619955156951,4,LLTR+,2,0.2186242497907187,-0.05256719459182302,0.05256719459182302,1.0
0.02,0.0002,40.0,0.025,0.2711914443825417,0.11956619955156951,5,LLTR+,4,0.3262701696941135,0.05507872531157176,0.05507872531157176,2.5007347818410475e-120
0.02,0.0002,40.0,0.025,0.2711914443825417,0.11956619955156951,6,LL+,1,0.19993669118036786,-0.07125475320217386,0.07125475320217386,1.0
0.02,0.0002,40.0,0.025,0.2711914443825417,0.11956619955156951,7,LL+,4,0.3732243259156618,0.10203288153312007,0.10203288153312007,2.7441818487491325e-222
0.02,0.0002,40.0,0.025,0.2711914443825417,0.11956619955156951,8,LLTR+,1,0.1681189583954214,-0.10307248598712032,0.10307248598712032,1.0
0.02,0.0002,50.0,0.02,0.2774755690532731,0.11677869955156951,1,LL+,3,0.27766131222593193,0.00018574317265884766,0.00018574317265884766,0.2831853106115778
0.02,0.0002,50.0,0.02,0.2774755690532731,0.11677869955156951,2,LLTR+,4,0.2870311619561936,0.009555592902920518,0.009555592902920518,1.77948222698419e-21
0.02,0.0002,50.0,0.02,0.2774755690532731,0.11677869955156951,3,LLTR+,3,0.24367992363176919,-0.0337956454215039,0.0337956454215039,1.0
0.02,0.0002,50.0,0.02,0.2774755690532731,0.11677869955156951,4,LL+,4,0.3231774686794884,0.04570189962621529,0.04570189962621529,5.748915155084496e-100
0.02,0.0002,50.0,0.02,0.2774755690532731,0.11677869955156951,5,LL+,2,0.2315534206774795,-0.04592214837579359,0.04592214837579359,1.0
0.02,0.0002,50.0,0.02,0.2774755690532731,0.11677869955156951,6,LLTR+,5,0.3308168006469452,0.0533412315936721,0.0533412315936721,1.4824747488800797e-116
0.02,0.0002,50.0,0.02,0.2774755690532731,0.11677869955156951,7,LLTR+,2,0.2012062416331555,-0.07626932742011758,0.07626932742011758,1.0
0.02,0.0002,50.0,0.02,0.2774755690532731,0.11677869955156951,8,LL+,5,0.36839633400597804,0.09092076495270496,0.09092076495270496,3.698856246507057e-198
0.02,0.0002,60.0,0.016666666666666666,0.2608520137914878,0.11492036621823618,1,LLTR+,4,0.2608200882803535,-3.1925511134289764e-05,3.1925511134289764e-05,0.5398223654766648
0.02,0.0002,60.0,0.016666666666666666,0.2608520137914878,0.11492036621823618,2,LL+,3,0.25182539720549957,-0.009026616585988245,0.009026616585988245,1.0
0.02,0.0002,60.0,0.016666666666666666,0.2608520137914878,0.11492036621823618,3,LL+,4,0.2898483213930605,0.02899630760157268,0.02899630760157268,1.0847210430559545e-63
0.02,0.0002,60.0,0.016666666666666666,0.2608520137914878,0.11492036621823618,4,LLTR+,3,0.22478169606277087,-0.03607031772871694,0.03607031772871694,1.0
0.02,0.0002,60.0,0.016666666666666666,0.2608520137914878,0.11492036621823618,5,LLTR+,5,0.29723569470245526,0.03638368091096744,0.03638368091096744,9.859178854663662e-80
0.02,0.0002,60.0,0.016666666666666666,0.2608520137914878,0.11492036621823618,6,LL+,2,0.2132726580039645,-0.047579355787523314,0.047579355787523314,1.0
0.02,0.0002,60.0,0.016666666666666666,0.2608520137914878,0.11492036621823618,7,LL+,5,0.3275997039801862,0.06674769018869836,0.06674769018869836,1.1461259779394953e-145
0.02,0.0002,60.0,0.016666666666666666,0.2608520137914878,0.11492036621823618,8,LLTR+,2,0.18947455157979848,-0.07137746221168934,0.07137746221168934,1.0
0.02,0.0002,70.0,0.014285714285714285,0.26634243701132365,0.11359298526585522,1,LL+,4,0.2660695748435494,-0.0002728621677742793,0.0002728621677742793,0.7964594287603107
0.02,0.0002,70.0,0.014285714285714285,0.26634243701132365,0.11359298526585522,2,LLTR+,5,0.27322109101069925,0.006878653999375595,0.006878653999375595,1.156625134683967e-15
0.02,0.0002,70.0,0.014285714285714285,0.26634243701132365,0.11359298526585522,3,LLTR+,4,0.2420592339322761,-0.02428320307904755,0.02428320307904755,1.0
0.02,0.0002,70.0,0.014285714285714285,0.26634243701132365,0.11359298526585522,4,LL+,5,0.29847983324689853,0.03213739623557488,0.03213739623557488,1.6388181334522258e-70
0.02,0.0002,70.0,0.014285714285714285,0.26634243701132365,0.11359298526585522,5,LL+,3,0.23341087529437274,-0.03293156171695091,0.03293156171695091,1.0
0.02,0.0002,70.0,0.014285714285714285,0.26634243701132365,0.11359298526585522,6,LLTR+,6,0.3045777118615939,0.03823527485027023,0.03823527485027023,9.40060040537767e-84
0.02,0.0002,70.0,0.014285714285714285,0.26634243701132365,0.11359298526585522,7,LLTR+,3,0.2112275950745965,-0.05511484193672714,0.05511484193672714,1.0
0.02,0.0002,70.0,0.014285714285714285,0.26634243701132365,0.11359298526585522,8,LL+,6,0.33074273181983604,0.06440029480851239,0.06440029480851239,1.4339587507616416e-140
0.02,0.0002,80.0,0.0125,0.2760804224188425,0.1125974495515695,1,LL+,5,0.2766566396877631,0.000576217268920598,0.000576217268920598,0.05309649145020979
0.02,0.0002,80.0,0.0125,0.2760804224188425,0.1125974495515695,2,LLTR+,6,0.2825926805555242,0.0065122581366817145,0.0065122581366817145,7.224555513636677e-15
0.02,0.0002,80.0,0.0125,0.2760804224188425,0.1125974495515695,3,LLTR+,5,0.2551880468356839,-0.020892375583158596,0.020892375583158596,1.0
0.02,0.0002,80.0,0.0125,0.2760804224188425,0.1125974495515695,4,LL+,4,0.24825780142579001,-0.027822620993052494,0.027822620993052494,1.0
0.02,0.0002,80.0,0.0125,0.2760804224188425,0.1125974495515695,5,LL+,6,0.30491870189801307,0.02883827947917056,0.02883827947917056,2.3904065659973338e-63
0.02,0.0002,80.0,0.0125,0.2760804224188425,0.1125974495515695,6,LLTR+,7,0.31011055373353286,0.03403013131469035,0.03403013131469035,1.2720634021173971e-74
0.02,0.0002,80.0,0.0125,0.2760804224188425,0.1125974495515695,7,LLTR+,4,0.22795888283181318,-0.04812153958702933,0.04812153958702933,1.0
0.02,0.0002,80.0,0.0125,0.2760804224188425,0.1125974495515695,8,LL+,3,0.21963126958314919,-0.05644915283569332,0.05644915283569332,1.0
0.02,0.0002,90.0,0.011111111111111112,0.26531914334168105,0.11182314399601395,1,LLTR+,6,0.2654794163926577,0.0001602730509766559,0.0001602730509766559,0.30973355338519876
0.02,0.0002,90.0,0.011111111111111112,0.26531914334168105,0.11182314399601395,2,LL+,5,0.2596968451817545,-0.005622298159926542,0.005622298159926542,0.9999999999993816
0.02,0.0002,90.0,0.011111111111111112,0.26531914334168105,0.11182314399601395,3,LL+,6,0.2848441821868295,0.019525038845148446,0.019525038845148446,3.998681864760204e-43
0.02,0.0002,90.0,0.011111111111111112,0.26531914334168105,0.11182314399601395,4,LLTR+,5,0.2411446233298995,-0.024174520011781553,0.024174520011781553,1.0
0.02,0.0002,90.0,0.011111111111111112,0.26531914334168105,0.11182314399601395,5,LLTR+,7,0.2899181528760525,0.02459900953437144,0.02459900953437144,3.836449577924247e-54
0.02,0.0002,90.0,0.011111111111111112,0.26531914334168105,0.11182314399601395,6,LL+,4,0.234422387670312,-0.03089675567136904,0.03089675567136904,1.0
0.02,0.0002,90.0,0.011111111111111112,0.26531914334168105,0.11182314399601395,7,LL+,7,0.3099080985471706,0.044588955205489555,0.044588955205489555,1.5007695246216386e-97
0.02,0.0002,90.0,0.011111111111111112,0.26531914334168105,0.11182314399601395,8,LLTR+,4,0.21696859369010293,-0.04835054965157812,0.04835054965157812,1.0
0.02,0.0002,100.0,0.01,0.268847130591804,0.1112036995515695,1,LL+,6,0.26879371890375203,-5.3411688051951955e-05,5.3411688051951955e-05,0.5663706143088474
0.02,0.0002,100.0,0.01,0.268847130591804,0.1112036995515695,2,LLTR+,7,0.2737550435572824,0.004907912965478434,0.004907912965478434,2.200910625754806e-11
0.02,0.0002,100.0,0.01,0.268847130591804,0.1112036995515695,3,LLTR+,6,0.2517773967717405,-0.017069733820063493,0.017069733820063493,1.0
0.02,0.0002,100.0,0.01,0.268847130591804,0.1112036995515695,4,LL+,7,0.2913685594403205,0.02252142884851649,0.02252142884851649,1.2454853759301601e-49
0.02,0.0002,100.0,0.01,0.268847130591804,0.1112036995515695,5,LL+,5,0.24614056468777273,-0.02270656590403125,0.02270656590403125,1.0
0.02,0.0002,100.0,0.01,0.268847130591804,0.1112036995515695,6,LLTR+,8,0.2957992044314059,0.02695207383960191,0.02695207383960191,2.9806794820571023e-59
0.02,0.0002,100.0,0.01,0.268847130591804,0.1112036995515695,7,LLTR+,5,0.2298954306023368,-0.03895169998946718,0.03895169998946718,1.0
0.02,0.0002,100.0,0.01,0.268847130591804,0.1112036995515695,8,LL+,8,0.3138887409010762,0.04504161030927223,0.04504161030927223,1.5609390059315813e-98
