rho,Lambda,window,window_method,regime,x_min,x_max,Bbar,F_expected,active_density,T,p1_amplitude,cos_coeff,sin_coeff,fit_rmse,p1_amplitude_norm,lk_fit_norm,m_eff_fit
0.02,1.0,W0,manual,electron,15.933120633,31.861829664,0.0418454248319521,0.06283185307179587,0.02,0.0002,0.0036831896051642086,0.00114734005299781,0.003499928066457461,0.004188035983059134,1.0,1.0,0.00010352206592525872
0.02,1.0,W0,manual,electron,15.933120633,31.861829664,0.0418454248319521,0.06283185307179587,0.02,0.00030682548092687834,0.003689745994230852,0.0011657033095093575,0.003500765815666845,0.004134411377638799,1.0017800845922922,0.9999999999784815,0.00010352206592525872
0.02,1.0,W0,manual,electron,15.933120633,31.861829664,0.0418454248319521,0.06283185307179587,0.02,0.00047070937873005034,0.003699959267457913,0.0011938748845081594,0.003502051019186946,0.00405272152871609,1.0045530271561887,0.9999999999278367,0.00010352206592525872
0.02,1.0,W0,manual,electron,15.933120633,31.861829664,0.0418454248319521,0.06283185307179587,0.02,0.000722128157528199,0.0037159890853950333,0.001237093596676247,0.003504022590657435,0.003928847031760933,1.008905183752918,0.999999999808642,0.00010352206592525872
0.02,1.0,W0,manual,electron,15.933120633,31.861829664,0.0418454248319521,0.06283185307179587,0.02,0.0011078365961221508,0.003741366012253323,0.0013033760145561139,0.003506997377005599,0.003742596120811304,1.0157951160069374,0.9999999995281116,0.00010352206592525872
0.02,1.0,W0,manual,electron,15.933120633,31.861829664,0.0418454248319521,0.06283185307179587,0.02,0.0016995624819678722,0.0037816106319594647,0.0014061071430402077,0.003510475989668661,0.0034668223317616004,1.0267216834716464,0.99999999886787,0.00010352206592525872
0.02,1.0,W0,manual,electron,15.933120633,31.861829664,0.0418454248319521,0.06283185307179587,0.02,0.0026073453794753566,0.0038408685427537533,0.0015768032623890715,0.0035022796339576486,0.003069985595909775,1.0428104318519098,0.9999999973139605,0.00010352206592525872
0.02,1.0,W0,manual,electron,15.933120633,31.861829664,0.0418454248319521,0.06283185307179587,0.02,0.004,0.0038762402312108204,0.0018666032517276894,0.0033972092415241266,0.0025326087934475065,1.0524139799308554,0.999999993656762,0.00010352206592525872
0.02,1.0,W1,manual,electron,31.861829664,47.783525188,0.025111320097907473,0.06283185307179587,0.02,0.0002,0.006102657154305911,0.0010517516816851316,0.006011342840254049,0.005053052905261655,1.0,1.0,0.20643151418195388
0.02,1.0,W1,manual,electron,31.861829664,47.783525188,0.025111320097907473,0.06283185307179587,0.02,0.00030682548092687834,0.006108462793361086,0.0010772448797789075,0.006012724936903971,0.004950336522926927,1.0009513297090726,0.9997624518115511,0.20643151418195388
0.02,1.0,W1,manual,electron,31.861829664,47.783525188,0.025111320097907473,0.06283185307179587,0.02,0.00047070937873005034,0.006117565774312876,0.0011163547077778875,0.006014845232378506,0.004794452519507495,1.0024429719104317,0.9992036826708961,0.20643151418195388
0.02,1.0,W1,manual,electron,31.861829664,47.783525188,0.025111320097907473,0.06283185307179587,0.02,0.000722128157528199,0.006131975133039188,0.0011763497409382842,0.006018082777696348,0.004559738424088827,1.0048041333458477,0.997890317334868,0.20643151418195388
0.02,1.0,W1,manual,electron,31.861829664,47.783525188,0.025111320097907473,0.06283185307179587,0.02,0.0011078365961221508,0.006154399077967056,0.0012685084098447905,0.006022251607582897,0.004212003630535723,1.0084785893018153,0.9948087702489992,0.20643151418195388
0.02,1.0,W1,manual,electron,31.861829664,47.783525188,0.025111320097907473,0.06283185307179587,0.02,0.0016995624819678722,0.006176579246925286,0.001417976084579153,0.006011611682162256,0.0037119154527580304,1.0121130993844571,0.9876085492063947,0.20643151418195388
0.02,1.0,W1,manual,electron,31.861829664,47.783525188,0.025111320097907473,0.06283185307179587,0.02,0.0026073453794753566,0.00608724554022909,0.0016615381727894546,0.005856095044259649,0.0030302557169378567,0.9974746059483373,0.9709474735208375,0.20643151418195388
0.02,1.0,W1,manual,electron,31.861829664,47.783525188,0.025111320097907473,0.06283185307179587,0.02,0.004,0.0055855387651652,0.0019820424766828068,0.005222044706605668,0.002140524576651954,0.9152634047652763,0.9332512990814966,0.20643151418195388
0.02,1.0,W2,manual,electron,47.783525188,63.702544898,0.01793946094303267,0.06283185307179587,0.02,0.0002,0.006655788034934296,0.0008095008126494942,0.006606377433987128,0.005296573634715486,1.0,1.0,0.28832085132672536
0.02,1.0,W2,manual,electron,47.783525188,63.702544898,0.01793946094303267,0.06283185307179587,0.02,0.00030682548092687834,0.00666120146613352,0.000839225560089355,0.00660812419917423,0.00514249020722316,1.0008133418869127,0.999092634225396,0.28832085132672536
0.02,1.0,W2,manual,electron,47.783525188,63.702544898,0.01793946094303267,0.06283185307179587,0.02,0.00047070937873005034,0.006669755408980421,0.0008848273378029008,0.006610803112928127,0.004909941648892128,1.0020985304779562,0.9969616491737993,0.28832085132672536
0.02,1.0,W2,manual,electron,47.783525188,63.702544898,0.01793946094303267,0.06283185307179587,0.02,0.000722128157528199,0.006683265948461192,0.0009547903040432751,0.006614712330341043,0.004563789578661285,1.0041284237693076,0.9919713116956936,0.28832085132672536
0.02,1.0,W2,manual,electron,47.783525188,63.702544898,0.01793946094303267,0.06283185307179587,0.02,0.0011078365961221508,0.006697785813917406,0.0010649727778284396,0.006612576486634966,0.004063607152051514,1.0063099634126982,0.9803633489065736,0.28832085132672536
0.02,1.0,W2,manual,electron,47.783525188,63.702544898,0.01793946094303267,0.06283185307179587,0.02,0.0016995624819678722,0.006629914204633717,0.0012443816266354737,0.006512086971785311,0.0033768802246532652,0.9961125819865695,0.9537816274350696,0.28832085132672536
0.02,1.0,W2,manual,electron,47.783525188,63.702544898,0.01793946094303267,0.06283185307179587,0.02,0.0026073453794753566,0.006170267052123447,0.0014766051043974564,0.005990979290582429,0.0024601868770543424,0.9270528177486287,0.8950542527833366,0.28832085132672536
0.02,1.0,W2,manual,electron,47.783525188,63.702544898,0.01793946094303267,0.06283185307179587,0.02,0.004,0.004960950642763629,0.0016427360594860666,0.004681073543408718,0.0013638100666884562,0.7453588691113722,0.7752069309977043,0.28832085132672536
0.01,1.0,W0,zero,electron,12.991947284220043,31.856531364150513,0.04459460075961048,0.06283185307179587,0.01,0.0002,0.0007076088629060185,0.0001928834194374989,0.0006808129621043113,0.0007554240180311308,1.0,1.0,0.6258952434575867
0.01,1.0,W0,zero,electron,12.991947284220043,31.856531364150513,0.04459460075961048,0.06283185307179587,0.01,0.00030682548092687834,0.0007016607664805822,0.0002018789126497738,0.000671991618880372,0.0007419632225782041,0.9915940899877814,0.9993078807318811,0.6258952434575867
0.01,1.0,W0,zero,electron,12.991947284220043,31.856531364150513,0.04459460075961048,0.06283185307179587,0.01,0.00047070937873005034,0.0006928817832845767,0.00021567914392813632,0.0006584585579078165,0.0007214820814089812,0.9791875421670662,0.9976815895607539,0.6258952434575867
0.01,1.0,W0,zero,electron,12.991947284220043,31.856531364150513,0.04459460075961048,0.06283185307179587,0.01,0.000722128157528199,0.0006802615320934222,0.00023685045788808846,0.0006376971166974905,0.0006904977790527209,0.9613524755748735,0.9938686256902999,0.6258952434575867
0.01,1.0,W0,zero,electron,12.991947284220043,31.856531364150513,0.04459460075961048,0.06283185307179587,0.01,0.0011078365961221508,0.0006630147146699489,0.0002693299454010732,0.0006058464263979188,0.0006441477754442663,0.9369790988019431,0.9849747115539174,0.6258952434575867
0.01,1.0,W0,zero,electron,12.991947284220043,31.856531364150513,0.04459460075961048,0.06283185307179587,0.01,0.0016995624819678722,0.0006419444438963278,0.0003191554420730818,0.0005569851639357203,0.0005765404515069467,0.9072023790939826,0.9644766532471447,0.6258952434575867
0.01,1.0,W0,zero,electron,12.991947284220043,31.856531364150513,0.04459460075961048,0.06283185307179587,0.01,0.0026073453794753566,0.0006225047569923393,0.00039446575819892984,0.000481569245370419,0.0004839192457929151,0.8797300169981302,0.9185224508181277,0.6258952434575867
0.01,1.0,W0,zero,electron,12.991947284220043,31.856531364150513,0.04459460075961048,0.06283185307179587,0.01,0.004,0.0006083970987076046,0.0004914908874525442,0.0003585857460454071,0.0003578618673845413,0.8597929316614695,0.8216962730869256,0.6258952434575867
0.01,1.0,W1,zero,electron,31.856531364150513,47.786749523013505,0.02511197401364635,0.06283185307179587,0.01,0.0002,0.002037474550774071,0.0005637687344686465,0.001957924247535543,0.0011606693675477293,1.0,1.0,0.7876785130570491
0.01,1.0,W1,zero,electron,31.856531364150513,47.786749523013505,0.02511197401364635,0.06283185307179587,0.01,0.00030682548092687834,0.0020040996243717024,0.000580099151117644,0.0019183066176394709,0.001126342708908468,0.9836194634236345,0.9965526529009723,0.7876785130570491
0.01,1.0,W1,zero,electron,31.856531364150513,47.786749523013505,0.02511197401364635,0.06283185307179587,0.01,0.00047070937873005034,0.001953617103090719,0.0006051520889484288,0.0018575281248826158,0.0010741902913050008,0.9588424563872501,0.9885044977220008,0.7876785130570491
0.01,1.0,W1,zero,electron,31.856531364150513,47.786749523013505,0.02511197401364635,0.06283185307179587,0.01,0.000722128157528199,0.00187800605631509,0.0006435855358261097,0.001764285806107269,0.0009955799824552566,0.9217322766567091,0.9699178005524536,0.7876785130570491
0.01,1.0,W1,zero,electron,31.856531364150513,47.786749523013505,0.02511197401364635,0.06283185307179587,0.01,0.0011078365961221508,0.001764843156066147,0.0006997863100475948,0.0016201760662914047,0.0008800787504810073,0.8661915091875152,0.9280536089172294,0.7876785130570491
0.01,1.0,W1,zero,electron,31.856531364150513,47.786749523013505,0.02511197401364635,0.06283185307179587,0.01,0.0016995624819678722,0.0015914910147277214,0.0007665796287665048,0.0013947040269244512,0.0007184984457570809,0.7811096409145759,0.8389298738442097,0.7876785130570491
0.01,1.0,W1,zero,electron,31.856531364150513,47.786749523013505,0.02511197401364635,0.06283185307179587,0.01,0.0026073453794753566,0.0013338095050357645,0.000794840805115283,0.0010711096536991159,0.0005298956984696818,0.6546386086290147,0.6707899927201548,0.7876785130570491
0.01,1.0,W1,zero,electron,31.856531364150513,47.786749523013505,0.02511197401364635,0.06283185307179587,0.01,0.004,0.0009738152176851303,0.0006670114959266577,0.0007095151460658328,0.0003549475821897562,0.47795208893046615,0.42023845676706634,0.7876785130570491
0.01,1.0,W2,zero,electron,47.786749523013505,63.70041603018047,0.01793928467080579,0.06283185307179587,0.01,0.0002,0.0024460364475389867,-0.00036834969508663676,0.0024181424285634476,0.001163880838679105,1.0,1.0,0.9575885299966331
0.01,1.0,W2,zero,electron,47.786749523013505,63.70041603018047,0.01793928467080579,0.06283185307179587,0.01,0.00030682548092687834,0.0023777006580466657,-0.0003498215629202229,0.0023518259487877924,0.0011054609101312923,0.9720626446261358,0.9900807000690202,0.9575885299966331
0.01,1.0,W2,zero,electron,47.786749523013505,63.70041603018047,0.01793928467080579,0.06283185307179587,0.01,0.00047070937873005034,0.002272925904412171,-0.00032139704937101895,0.0022500880213012753,0.0010170669219295087,0.9292281424093307,0.9672711911262762,0.9575885299966331
0.01,1.0,W2,zero,electron,47.786749523013505,63.70041603018047,0.01793928467080579,0.06283185307179587,0.01,0.000722128157528199,0.002112354879828135,-0.00027779029245120614,0.0020940094774746384,0.0008852711130336468,0.8635827491260091,0.9163989387967502,0.9575885299966331
0.01,1.0,W2,zero,electron,47.786749523013505,63.70041603018047,0.01793928467080579,0.06283185307179587,0.01,0.0011078365961221508,0.001867413749423718,-0.00021156475110325516,0.0018553906509485721,0.000697437345933471,0.7634447766723041,0.8104220923598259,0.9575885299966331
0.01,1.0,W2,zero,electron,47.786749523013505,63.70041603018047,0.01793928467080579,0.06283185307179587,0.01,0.0016995624819678722,0.001492081138256568,-0.00012831196796765269,0.0014865537871255395,0.0004384443643494437,0.6099995524423951,0.6191789510808675,0.9575885299966331
0.01,1.0,W2,zero,electron,47.786749523013505,63.70041603018047,0.01793928467080579,0.06283185307179587,0.01,0.0026073453794753566,0.000948236631388381,1.1299831811500193e-05,0.0009481693007621667,0.00018232740588013357,0.38766251105637595,0.35629003855046987,0.9575885299966331
0.01,1.0,W2,zero,electron,47.786749523013505,63.70041603018047,0.01793928467080579,0.06283185307179587,0.01,0.004,0.0003787026751154702,0.0001408537780776151,0.0003515336816592051,7.246026602191779e-05,0.15482298945156425,0.12551344362663316,0.9575885299966331
-0.01,1.0,W0,manual,shallow_hole,24.237832872,39.150130313,0.0315517315829021,0.06283185307179587,0.01,0.0002,0.00012037360826788506,9.087019592495406e-06,0.00012003012806106578,6.851625542355987e-05,1.0,1.0,8.265114327158928
-0.01,1.0,W0,manual,shallow_hole,24.237832872,39.150130313,0.0315517315829021,0.06283185307179587,0.01,0.00030682548092687834,9.534643614940555e-05,1.0327369728944827e-05,9.478548581335829e-05,4.736148153424078e-05,0.7920875474399433,0.8051210468227826,8.265114327158928
-0.01,1.0,W0,manual,shallow_hole,24.237832872,39.150130313,0.0315517315829021,0.06283185307179587,0.01,0.00047070937873005034,6.174487492973928e-05,8.270854513013878e-06,6.118841839526255e-05,2.123823942737014e-05,0.512943624588617,0.5110614403759759,8.265114327158928
-0.01,1.0,W0,manual,shallow_hole,24.237832872,39.150130313,0.0315517315829021,0.06283185307179587,0.01,0.000722128157528199,2.6241171543171356e-05,4.94866245516509e-06,2.577032836156702e-05,3.7419203951034546e-06,0.2179977149540373,0.21214586969296204,8.265114327158928
-0.01,1.0,W0,manual,shallow_hole,24.237832872,39.150130313,0.0315517315829021,0.06283185307179587,0.01,0.0011078365961221508,5.1220609478193015e-06,1.8192699384117549e-06,4.788085759921897e-06,4.6016883202898575e-07,0.04255136172723532,0.04426811529872481,8.265114327158928
-0.01,1.0,W0,manual,shallow_hole,24.237832872,39.150130313,0.0315517315829021,0.06283185307179587,0.01,0.0016995624819678722,2.1371353530299342e-06,-1.1882946500370158e-06,-1.7763173539274418e-06,1.7178743134787352e-06,0.0177541853549314,0.003185266927820879,8.265114327158928
-0.01,1.0,W0,manual,shallow_hole,24.237832872,39.150130313,0.0315517315829021,0.06283185307179587,0.01,0.0026073453794753566,4.203929644634307e-06,-2.864781633429142e-06,-3.076694760583536e-06,2.889183977764362e-06,0.034924014533806155,4.47152454535873e-05,8.265114327158928
-0.01,1.0,W0,manual,shallow_hole,24.237832872,39.150130313,0.0315517315829021,0.06283185307179587,0.01,0.004,5.016342967624276e-06,-3.4725503234004517e-06,-3.620095443532525e-06,3.405358294905736e-06,0.04167311290080025,5.115865568123377e-08,8.265114327158928
-0.01,1.0,W1,manual,shallow_hole,39.150130313,55.160533851,0.021206509547235637,0.06283185307179587,0.01,0.0002,6.582355377178302e-05,1.3463216306982342e-05,6.443199545115932e-05,1.0643698897462237e-05,1.0,1.0,10.192705853577676
-0.01,1.0,W1,manual,shallow_hole,39.150130313,55.160533851,0.021206509547235637,0.06283185307179587,0.01,0.00030682548092687834,3.397411781198681e-05,9.738043538969505e-06,3.254859734513753e-05,4.2882554441863115e-06,0.5161392216801077,0.5459026221920554,10.192705853577676
-0.01,1.0,W1,manual,shallow_hole,39.150130313,55.160533851,0.021206509547235637,0.06283185307179587,0.01,0.00047070937873005034,1.3442020129821425e-05,4.257318416973153e-06,1.2750025296721008e-05,3.411620909001492e-06,0.20421292014141748,0.17639506942083158,10.192705853577676
-0.01,1.0,W1,manual,shallow_hole,39.150130313,55.160533851,0.021206509547235637,0.06283185307179587,0.01,0.000722128157528199,3.301863036489887e-06,-1.9917204946117034e-07,3.2958504223419565e-06,1.2655692931508893e-06,0.05016233319668189,0.024909041796926077,10.192705853577676
-0.01,1.0,W1,manual,shallow_hole,39.150130313,55.160533851,0.021206509547235637,0.06283185307179587,0.01,0.0011078365961221508,7.585358838911248e-07,-7.542954343423614e-07,-8.009422501502971e-08,9.59597114762159e-07,0.01152377591949906,0.0009839279773175512,10.192705853577676
-0.01,1.0,W1,manual,shallow_hole,39.150130313,55.160533851,0.021206509547235637,0.06283185307179587,0.01,0.0016995624819678722,2.950280356464692e-07,-2.0447383290257026e-07,-2.126781452701383e-07,1.7345142904902068e-06,0.00448210433410146,5.504344662430326e-06,10.192705853577676
-0.01,1.0,W1,manual,shallow_hole,39.150130313,55.160533851,0.021206509547235637,0.06283185307179587,0.01,0.0026073453794753566,1.0878825968292067e-07,-5.211630182553673e-08,-9.54922851798413e-08,2.4889843117528778e-06,0.0016527254067761315,1.5352591504957656e-09,10.192705853577676
-0.01,1.0,W1,manual,shallow_hole,39.150130313,55.160533851,0.021206509547235637,0.06283185307179587,0.01,0.004,3.4051343793215715e-08,-6.5729467808292315e-09,3.3410932114207125e-08,2.5382348935847174e-06,0.0005173124488427835,4.303436983976876e-15,10.192705853577676
-0.01,1.0,W2,manual,shallow_hole,55.160533851,71.994823747,0.01572879065247863,0.06283185307179587,0.01,0.0002,1.571157982837299e-05,2.750766258535948e-06,1.5468905122672296e-05,2.825235601472258e-06,1.0,1.0,13.924976039663942
-0.01,1.0,W2,manual,shallow_hole,55.160533851,71.994823747,0.01572879065247863,0.06283185307179587,0.01,0.00030682548092687834,3.6906110852959666e-06,-1.7350823586084578e-07,3.6865302216308943e-06,9.848832107595043e-07,0.23489751671128714,0.23698391240998198,13.924976039663942
-0.01,1.0,W2,manual,shallow_hole,55.160533851,71.994823747,0.01572879065247863,0.06283185307179587,0.01,0.00047070937873005034,4.686792658560585e-07,-4.385410220249112e-07,1.653542447133437e-07,3.231180415139874e-07,0.029830180731391955,0.020738335117781285,13.924976039663942
-0.01,1.0,W2,manual,shallow_hole,55.160533851,71.994823747,0.01572879065247863,0.06283185307179587,0.01,0.000722128157528199,1.3389057741259435e-07,-1.0617775729889404e-07,-8.156574388096433e-08,4.095538552837863e-07,0.008521776859816862,0.00039309037731663065,13.924976039663942
-0.01,1.0,W2,manual,shallow_hole,55.160533851,71.994823747,0.01572879065247863,0.06283185307179587,0.01,0.0011078365961221508,1.0746624735723984e-07,-1.0612786020987661e-07,1.6907738119581396e-08,1.2302795356853575e-06,0.006839938983295004,7.128851500658733e-07,13.924976039663942
-0.01,1.0,W2,manual,shallow_hole,55.160533851,71.994823747,0.01572879065247863,0.06283185307179587,0.01,0.0016995624819678722,2.0216946024569344e-07,-2.0213161386880463e-07,3.911691555771069e-09,2.2362221330482957e-06,0.012867544986189276,3.5316468238577556e-11,13.924976039663942
-0.01,1.0,W2,manual,shallow_hole,55.160533851,71.994823747,0.01572879065247863,0.06283185307179587,0.01,0.0026073453794753566,2.529196688760776e-07,-2.529098405566282e-07,-2.2296757624471516e-09,2.815177014195156e-06,0.01609765991955429,6.98586535169578e-18,13.924976039663942
-0.01,1.0,W2,manual,shallow_hole,55.160533851,71.994823747,0.01572879065247863,0.06283185307179587,0.01,0.004,2.1999736066019187e-07,-2.1998303817119637e-07,2.5103016592628363e-09,2.577281650808062e-06,0.014002243126620937,2.887547356393701e-28,13.924976039663942
-0.02,1.0,W0,zero,shallow_hole,11.84197505165119,20.265396613319695,0.06229099101817787,0.12566370614359174,0.02,0.0002,0.00019292147154629277,-6.3010391496859475e-06,0.0001928185444640146,8.359069709372005e-05,1.0,1.0,11.337111263392153
-0.02,1.0,W0,zero,shallow_hole,11.84197505165119,20.265396613319695,0.06229099101817787,0.12566370614359174,0.02,0.00030682548092687834,0.00016796874741939873,-9.276615128322023e-06,0.00016771238630883156,6.221227497559148e-05,0.8706586471329788,0.8955857345915466,11.337111263392153
-0.02,1.0,W0,zero,shallow_hole,11.84197505165119,20.265396613319695,0.06229099101817787,0.12566370614359174,0.02,0.00047070937873005034,0.00013138793347806986,-1.5684285091495805e-05,0.0001304484276057262,3.4287439229894256e-05,0.6810435998905516,0.7023086261216632,11.337111263392153
-0.02,1.0,W0,zero,shallow_hole,11.84197505165119,20.265396613319695,0.06229099101817787,0.12566370614359174,0.02,0.000722128157528199,8.14987100697707e-05,-2.0059629927605845e-05,7.899146150188666e-05,1.3050467418414202e-05,0.4224449949326379,0.42416448231148884,11.337111263392153
-0.02,1.0,W0,zero,shallow_hole,11.84197505165119,20.265396613319695,0.06229099101817787,0.12566370614359174,0.02,0.0011078365961221508,3.550808145856517e-05,-1.5052054550299222e-05,3.215990520326383e-05,8.546123125472043e-06,0.18405458539146988,0.1619272261421941,11.337111263392153
-0.02,1.0,W0,zero,shallow_hole,11.84197505165119,20.265396613319695,0.06229099101817787,0.12566370614359174,0.02,0.0016995624819678722,1.2213278572945845e-05,-6.744635234374544e-06,1.0182046408046448e-05,4.14997014911369e-06,0.0633069946805542,0.029634513491396296,11.337111263392153
-0.02,1.0,W0,zero,shallow_hole,11.84197505165119,20.265396613319695,0.06229099101817787,0.12566370614359174,0.02,0.0026073453794753566,4.659032264947506e-06,-2.7881187966045385e-06,3.7326900784611553e-06,3.5385375594770384e-06,0.02414988973287787,0.0017430044463422661,11.337111263392153
-0.02,1.0,W0,zero,shallow_hole,11.84197505165119,20.265396613319695,0.06229099101817787,0.12566370614359174,0.02,0.004,2.571996274894729e-06,-1.5696782597591967e-06,2.037467790889393e-06,4.770564101581865e-06,0.013331830066813282,1.795913477301936e-05,11.337111263392153
-0.02,1.0,W1,zero,shallow_hole,20.265396613319695,27.76555597839301,0.04163981541238642,0.12566370614359174,0.02,0.0002,8.234826757419188e-05,-5.151513293114022e-06,8.218697636037946e-05,3.155501821001623e-05,1.0,1.0,22.997082776485616
-0.02,1.0,W1,zero,shallow_hole,20.265396613319695,27.76555597839301,0.04163981541238642,0.12566370614359174,0.02,0.00030682548092687834,3.914994810818114e-05,-8.246179882913978e-06,3.827164687091347e-05,1.0785011740074966e-05,0.47541920748859584,0.47320626849660685,22.997082776485616
-0.02,1.0,W1,zero,shallow_hole,20.265396613319695,27.76555597839301,0.04163981541238642,0.12566370614359174,0.02,0.00047070937873005034,6.953196595194044e-06,-6.9496626146369305e-06,2.216583725822675e-07,5.863694577673868e-06,0.08443646478572903,0.1214706740615767,22.997082776485616
-0.02,1.0,W1,zero,shallow_hole,20.265396613319695,27.76555597839301,0.04163981541238642,0.12566370614359174,0.02,0.000722128157528199,1.4916509796347673e-05,-2.059972500631488e-06,-1.4773583783265932e-05,6.4136585604171406e-06,0.1811393273441801,0.012021673295513945,22.997082776485616
-0.02,1.0,W1,zero,shallow_hole,20.265396613319695,27.76555597839301,0.04163981541238642,0.12566370614359174,0.02,0.0011078365961221508,1.207632668076609e-05,1.6938594353814822e-06,-1.1956943853416392e-05,4.1514450949405285e-06,0.14664943218005033,0.00027521579237544275,22.997082776485616
-0.02,1.0,W1,zero,shallow_hole,20.265396613319695,27.76555597839301,0.04163981541238642,0.12566370614359174,0.02,0.0016995624819678722,4.86129481588007e-06,1.8099817781177446e-06,-4.511779388421399e-06,3.1037139137423625e-06,0.059033358673881924,6.66781460082929e-07,22.997082776485616
-0.02,1.0,W1,zero,shallow_hole,20.265396613319695,27.76555597839301,0.04163981541238642,0.12566370614359174,0.02,0.0026073453794753566,1.650782743673134e-06,6.888760353592885e-07,-1.50017781436624e-06,5.328841313418511e-06,0.020046356678795424,5.151199565996001e-11,22.997082776485616
-0.02,1.0,W1,zero,shallow_hole,20.265396613319695,27.76555597839301,0.04163981541238642,0.12566370614359174,0.02,0.004,9.38424480343197e-07,2.4015064668384374e-07,-9.071759323332663e-07,7.271816963418865e-06,0.011395801125964443,2.014593975132366e-17,22.997082776485616
-0.02,1.0,W2,zero,shallow_hole,27.76555597839301,35.63947988781235,0.0315432358436058,0.12566370614359174,0.02,0.0002,1.7635905086951803e-05,-1.323590259091033e-06,1.7586166639208553e-05,2.6249669135240373e-06,1.0,1.0,27.96653083668044
-0.02,1.0,W2,zero,shallow_hole,27.76555597839301,35.63947988781235,0.0315432358436058,0.12566370614359174,0.02,0.00030682548092687834,2.9826795924410216e-06,1.6517068500099475e-07,-2.9781027846567756e-06,1.3373925295011274e-06,0.16912540511730262,0.23634139143677788,27.96653083668044
-0.02,1.0,W2,zero,shallow_hole,27.76555597839301,35.63947988781235,0.0315432358436058,0.12566370614359174,0.02,0.00047070937873005034,5.590427795219375e-06,3.4937314448706053e-06,-4.364255208473001e-06,1.4393609606841138e-06,0.3169912611604799,0.020595868033417192,27.96653083668044
-0.02,1.0,W2,zero,shallow_hole,27.76555597839301,35.63947988781235,0.0315432358436058,0.12566370614359174,0.02,0.000722128157528199,3.584227930899561e-06,3.5258065717217e-06,6.444981609319163e-07,2.0485264276620403e-06,0.2032347029102242,0.0003878951966511782,27.96653083668044
-0.02,1.0,W2,zero,shallow_hole,27.76555597839301,35.63947988781235,0.0315432358436058,0.12566370614359174,0.02,0.0011078365961221508,1.5996272307023241e-06,8.462578286991854e-07,1.3574442767825596e-06,2.3560900471998987e-06,0.09070287137606751,6.965787200199741e-07,27.96653083668044
-0.02,1.0,W2,zero,shallow_hole,27.76555597839301,35.63947988781235,0.0315432358436058,0.12566370614359174,0.02,0.0016995624819678722,2.4544338883387886e-07,-1.9418229533638735e-07,-1.501189305189412e-07,4.47384185938148e-06,0.013917255033056054,3.399187330327712e-11,27.96653083668044
-0.02,1.0,W2,zero,shallow_hole,27.76555597839301,35.63947988781235,0.0315432358436058,0.12566370614359174,0.02,0.0026073453794753566,4.078685328406669e-07,-2.1673803309780012e-08,-4.0729226156617205e-07,7.00000061049708e-06,0.02312716760663646,6.569997603140714e-18,27.96653083668044
-0.02,1.0,W2,zero,shallow_hole,27.76555597839301,35.63947988781235,0.0315432358436058,0.12566370614359174,0.02,0.004,3.2185364222463077e-07,1.595284412508449e-07,-2.7953612189721805e-07,9.162942614024797e-06,0.01824990782371352,2.6209080813606853e-28,27.96653083668044
-0.14,1.0,W0,zero,deep_hole,12.036178516178166,21.458512058520814,0.05971095614511358,0.12035405699485786,0.019154943091895332,0.0002,0.00030757643511651795,-6.717204640183266e-06,0.0003075030773842881,0.00011939771430715437,1.0,1.0,13.58892759917459
-0.14,1.0,W0,zero,deep_hole,12.036178516178166,21.458512058520814,0.05971095614511358,0.12035405699485786,0.019154943091895332,0.00030682548092687834,0.0002556469203736446,-1.0090867604934056e-05,0.0002554476899240004,8.192519422821278e-05,0.831165496397014,0.8456828409604091,13.58892759917459
-0.14,1.0,W0,zero,deep_hole,12.036178516178166,21.458512058520814,0.05971095614511358,0.12035405699485786,0.019154943091895332,0.00047070937873005034,0.00017993944395597702,-1.606287352822549e-05,0.00017922105787323772,4.241027854267583e-05,0.5850235044430867,0.5904985318867382,13.58892759917459
-0.14,1.0,W0,zero,deep_hole,12.036178516178166,21.458512058520814,0.05971095614511358,0.12035405699485786,0.019154943091895332,0.000722128157528199,9.077275095398166e-05,-1.4806261228785343e-05,8.955705971155231e-05,2.4268045608284678e-05,0.2951225795942221,0.28897795345987276,13.58892759917459
-0.14,1.0,W0,zero,deep_hole,12.036178516178166,21.458512058520814,0.05971095614511358,0.12035405699485786,0.019154943091895332,0.0011078365961221508,2.765682843557067e-05,-6.466554369218556e-06,2.68902181788198e-05,1.0592854181002666e-05,0.08991855447278835,0.07826888577393985,13.58892759917459
-0.14,1.0,W0,zero,deep_hole,12.036178516178166,21.458512058520814,0.05971095614511358,0.12035405699485786,0.019154943091895332,0.0016995624819678722,1.0951392800316929e-06,-3.325139990019323e-07,-1.0434387778571764e-06,3.9933052331961315e-06,0.003560543510483258,0.008414045753243202,13.58892759917459
-0.14,1.0,W0,zero,deep_hole,12.036178516178166,21.458512058520814,0.05971095614511358,0.12035405699485786,0.019154943091895332,0.0026073453794753566,1.3377563942985262e-05,2.820252995971499e-06,-1.307690292413969e-05,1.2479976166149609e-05,0.043493461837924914,0.00021869101224279575,13.58892759917459
-0.14,1.0,W0,zero,deep_hole,12.036178516178166,21.458512058520814,0.05971095614511358,0.12035405699485786,0.019154943091895332,0.004,1.4921883883425857e-05,4.857971932252186e-06,-1.410895911596225e-05,2.0822622545655565e-05,0.048514392455888435,6.437224184141536e-07,13.58892759917459
-0.14,1.0,W1,zero,deep_hole,21.458512058520814,28.72739619889351,0.039851824335659515,0.12035405699485786,0.019154943091895332,0.0002,7.931581144066703e-05,-1.1203359917184434e-05,7.852058756184567e-05,3.290759251741481e-05,1.0,1.0,23.652248448065
-0.14,1.0,W1,zero,deep_hole,21.458512058520814,28.72739619889351,0.039851824335659515,0.12035405699485786,0.019154943091895332,0.00030682548092687834,2.5568127673943137e-05,-1.3922972346173047e-05,2.144481274804603e-05,1.0731035569876855e-05,0.322358521075834,0.43515957118834153,23.652248448065
-0.14,1.0,W1,zero,deep_hole,21.458512058520814,28.72739619889351,0.039851824335659515,0.12035405699485786,0.019154943091895332,0.00047070937873005034,1.9670638685142774e-05,-1.0917040759716014e-05,-1.6363136842675818e-05,7.222571632734053e-06,0.2480040023275509,0.09780583739345165,23.652248448065
-0.14,1.0,W1,zero,deep_hole,21.458512058520814,28.72739619889351,0.039851824335659515,0.12035405699485786,0.019154943091895332,0.000722128157528199,2.282787261328448e-05,-4.756800674968761e-06,-2.2326769031522683e-05,6.540988438426459e-06,0.2878098603373817,0.007889081187007728,23.652248448065
-0.14,1.0,W1,zero,deep_hole,21.458512058520814,28.72739619889351,0.039851824335659515,0.12035405699485786,0.019154943091895332,0.0011078365961221508,1.1012667629778105e-05,-3.781853556680852e-07,-1.100617209390807e-05,4.172127664322432e-06,0.13884580425702686,0.0001319602646035831,23.652248448065
-0.14,1.0,W1,zero,deep_hole,21.458512058520814,28.72739619889351,0.039851824335659515,0.12035405699485786,0.019154943091895332,0.0016995624819678722,6.781821927535574e-07,4.611457093072371e-07,-4.972682589463642e-07,6.555354683521095e-06,0.008550403512682691,1.9754428888676033e-07,23.652248448065
-0.14,1.0,W1,zero,deep_hole,21.458512058520814,28.72739619889351,0.039851824335659515,0.12035405699485786,0.019154943091895332,0.0026073453794753566,4.450904927946072e-06,4.53500522379928e-07,4.427741179632766e-06,1.2687000888384243e-05,0.05611623769714082,7.291558792562226e-12,23.652248448065
-0.14,1.0,W1,zero,deep_hole,21.458512058520814,28.72739619889351,0.039851824335659515,0.12035405699485786,0.019154943091895332,0.004,4.77827133270535e-06,5.882496832110928e-07,4.741923580062822e-06,2.1005057865816823e-05,0.06024361657422849,9.183306737298683e-19,23.652248448065
-0.14,1.0,W2,zero,deep_hole,28.72739619889351,36.8917900895835,0.030478890597752016,0.12035405699485786,0.019154943091895332,0.0002,1.1202596732803664e-05,-4.921524720327383e-06,1.0063635922718477e-05,3.6664223113553624e-06,1.0,1.0,7.050417534686413
-0.14,1.0,W2,zero,deep_hole,28.72739619889351,36.8917900895835,0.030478890597752016,0.12035405699485786,0.019154943091895332,0.00030682548092687834,7.351892568396126e-06,-1.4323321074680534e-06,-7.2110158140968125e-06,2.3583482089182086e-06,0.6562668231079112,0.8413623710447234,7.050417534686413
-0.14,1.0,W2,zero,deep_hole,28.72739619889351,36.8917900895835,0.030478890597752016,0.12035405699485786,0.019154943091895332,0.00047070937873005034,5.875620305205609e-06,3.824336982739158e-06,-4.460645761927079e-06,2.9081840965934638e-06,0.5244873528295901,0.5815783840992035,7.050417534686413
-0.14,1.0,W2,zero,deep_hole,28.72739619889351,36.8917900895835,0.030478890597752016,0.12035405699485786,0.019154943091895332,0.000722128157528199,4.101661442107674e-06,3.909512655657018e-06,1.240700359043396e-06,2.517871516872636e-06,0.36613488282561385,0.27960902919605246,7.050417534686413
-0.14,1.0,W2,zero,deep_hole,28.72739619889351,36.8917900895835,0.030478890597752016,0.12035405699485786,0.019154943091895332,0.0011078365961221508,1.982765680885636e-06,1.2589436896032076e-06,1.5318030329341112e-06,3.3697141950684094e-06,0.1769916143709487,0.07361453408382226,7.050417534686413
-0.14,1.0,W2,zero,deep_hole,28.72739619889351,36.8917900895835,0.030478890597752016,0.12035405699485786,0.019154943091895332,0.0016995624819678722,6.651939541088835e-07,3.8173362009766197e-07,5.447590658907342e-07,7.367655895009245e-06,0.059378550346371885,0.0075752354262410265,7.050417534686413
-0.14,1.0,W2,zero,deep_hole,28.72739619889351,36.8917900895835,0.030478890597752016,0.12035405699485786,0.019154943091895332,0.0026073453794753566,5.761958247336168e-07,4.3544520909660547e-07,3.7734480030241094e-07,1.2795757176136837e-05,0.051434130717781607,0.000184117427672602,7.050417534686413
-0.14,1.0,W2,zero,deep_hole,28.72739619889351,36.8917900895835,0.030478890597752016,0.12035405699485786,0.019154943091895332,0.004,5.616274559388534e-07,4.473815674331847e-07,3.395219173858672e-07,1.9309267915327816e-05,0.05013368501378657,4.88964773402093e-07,7.050417534686413
-0.15,1.0,W0,zero,deep_hole,12.156631624229872,24.52283113033194,0.05452642568357304,0.05752220392306212,0.009154943091895351,0.0002,0.0003651984560202334,6.860857082150475e-05,0.00035869593849023845,0.0002962733794526929,1.0,1.0,5.917823971903094
-0.15,1.0,W0,zero,deep_hole,12.156631624229872,24.52283113033194,0.05452642568357304,0.05752220392306212,0.009154943091895351,0.00030682548092687834,0.00034066009563792055,7.576619544769121e-05,0.00033212766278559126,0.00026851101409567567,0.9328081486167255,0.9602228056967299,5.917823971903094
-0.15,1.0,W0,zero,deep_hole,12.156631624229872,24.52283113033194,0.05452642568357304,0.05752220392306212,0.009154943091895351,0.00047070937873005034,0.0003040718258727216,8.178232255175135e-05,0.0002928674222367726,0.00022657059237323813,0.8326207870273001,0.8748785527627879,5.917823971903094
-0.15,1.0,W0,zero,deep_hole,12.156631624229872,24.52283113033194,0.05452642568357304,0.05752220392306212,0.009154943091895351,0.000722128157528199,0.00025010944453758696,7.628787770286775e-05,0.00023819087716050877,0.00016502954623660653,0.6848589867086676,0.7112310721533108,5.917823971903094
-0.15,1.0,W0,zero,deep_hole,12.156631624229872,24.52283113033194,0.05452642568357304,0.05752220392306212,0.009154943091895351,0.0011078365961221508,0.00017319316027919837,5.859610096337348e-05,0.00016297965431116314,8.620656117157668e-05,0.4742439553731377,0.4598909079736804,5.917823971903094
-0.15,1.0,W0,zero,deep_hole,12.156631624229872,24.52283113033194,0.05452642568357304,0.05752220392306212,0.009154943091895351,0.0016995624819678722,8.054452089467575e-05,3.7822059421112946e-05,7.111196571111405e-05,2.2075979825591524e-05,0.22055000388669022,0.1970097804436519,5.917823971903094
-0.15,1.0,W0,zero,deep_hole,12.156631624229872,24.52283113033194,0.05452642568357304,0.05752220392306212,0.009154943091895351,0.0026073453794753566,1.951394931274257e-05,1.7829159337326954e-05,7.931916231560515e-06,3.691068420288966e-06,0.05343382205225265,0.04319729443344785,5.917823971903094
-0.15,1.0,W0,zero,deep_hole,12.156631624229872,24.52283113033194,0.05452642568357304,0.05752220392306212,0.009154943091895351,0.004,9.423055773068633e-06,6.559606968559124e-06,-6.765023024380086e-06,6.978406946508567e-06,0.02580256191594238,0.0033541920078715383,5.917823971903094
-0.15,1.0,W1,zero,deep_hole,24.52283113033194,42.184232013728625,0.029981832593661037,0.05752220392306212,0.009154943091895351,0.0002,0.00017575175607304546,6.176064094107256e-05,0.00016454270872119246,5.9079365399733144e-05,1.0,1.0,6.73307042187967
-0.15,1.0,W1,zero,deep_hole,24.52283113033194,42.184232013728625,0.029981832593661037,0.05752220392306212,0.009154943091895351,0.00030682548092687834,0.00013630802612964147,6.0869799346433875e-05,0.00012196206588478199,2.4773552923115454e-05,0.7755713466270545,0.8491332805803504,6.73307042187967
-0.15,1.0,W1,zero,deep_hole,24.52283113033194,42.184232013728625,0.029981832593661037,0.05752220392306212,0.009154943091895351,0.00047070937873005034,9.171554379891158e-05,5.631155885258109e-05,7.239301978728587e-05,1.653006585951474e-05,0.5218470975663709,0.5977048316431821,6.73307042187967
-0.15,1.0,W1,zero,deep_hole,24.52283113033194,42.184232013728625,0.029981832593661037,0.05752220392306212,0.009154943091895351,0.000722128157528199,5.8365570330715775e-05,4.465384391051625e-05,3.758422573427555e-05,1.996002710265654e-05,0.3320909653184804,0.2966903562762019,6.73307042187967
-0.15,1.0,W1,zero,deep_hole,24.52283113033194,42.184232013728625,0.029981832593661037,0.05752220392306212,0.009154943091895351,0.0011078365961221508,3.4637080238363826e-05,2.7466575929212803e-05,2.1102476967494637e-05,1.3574686736312847e-05,0.1970795684338315,0.0822079039877527,6.73307042187967
-0.15,1.0,W1,zero,deep_hole,24.52283113033194,42.184232013728625,0.029981832593661037,0.05752220392306212,0.009154943091895351,0.0016995624819678722,1.552932468309263e-05,1.1514848422821407e-05,1.0419606082398576e-05,6.43350792516472e-06,0.0883594282644799,0.009153322707109791,6.73307042187967
-0.15,1.0,W1,zero,deep_hole,24.52283113033194,42.184232013728625,0.029981832593661037,0.05752220392306212,0.009154943091895351,0.0026073453794753566,5.510990879407543e-06,4.021434011184726e-06,3.768167852763442e-06,5.579700152823097e-06,0.031356676044346776,0.0002510752379490892,6.73307042187967
-0.15,1.0,W1,zero,deep_hole,24.52283113033194,42.184232013728625,0.029981832593661037,0.05752220392306212,0.009154943091895351,0.004,2.358412123216721e-06,1.6797785543097095e-06,1.6554309866064443e-06,8.025921490199357e-06,0.013418996065316836,8.027285896978053e-07,6.73307042187967
-0.15,1.0,W2,zero,deep_hole,42.184232013728625,59.880395319189276,0.019595427448888158,0.05752220392306212,0.009154943091895351,0.0002,5.073681943492768e-05,1.953561403697558e-05,4.682504277169192e-05,4.645614953339144e-06,1.0,1.0,10.967707379354534
-0.15,1.0,W2,zero,deep_hole,42.184232013728625,59.880395319189276,0.019595427448888158,0.05752220392306212,0.009154943091895351,0.00030682548092687834,2.287182693512891e-05,1.2235104878280326e-05,1.9324147483601164e-05,5.323483972922665e-06,0.45079347089273275,0.4661515176950634,10.967707379354534
-0.15,1.0,W2,zero,deep_hole,42.184232013728625,59.880395319189276,0.019595427448888158,0.05752220392306212,0.009154943091895351,0.00047070937873005034,7.044517110717094e-06,3.454187995890917e-06,6.139528207625486e-06,2.214275463850031e-06,0.13884427895114737,0.1168330951673049,10.967707379354534
-0.15,1.0,W2,zero,deep_hole,42.184232013728625,59.880395319189276,0.019595427448888158,0.05752220392306212,0.009154943091895351,0.000722128157528199,1.008580642438621e-06,-1.2399818708170764e-07,1.0009292491991386e-06,5.403719293834646e-07,0.019878672996681876,0.011144623667751187,10.967707379354534
-0.15,1.0,W2,zero,deep_hole,42.184232013728625,59.880395319189276,0.019595427448888158,0.05752220392306212,0.009154943091895351,0.0011078365961221508,2.030442629566471e-07,-1.8876728577693498e-07,7.479227593820779e-08,1.2097101555609333e-06,0.004001911535212821,0.00024112048509545726,10.967707379354534
-0.15,1.0,W2,zero,deep_hole,42.184232013728625,59.880395319189276,0.019595427448888158,0.05752220392306212,0.009154943091895351,0.0016995624819678722,9.963222925080217e-08,-5.957590142911405e-09,9.945395027435302e-08,3.0123663067604265e-06,0.001963706640669211,5.356698276817313e-07,10.967707379354534
-0.15,1.0,W2,zero,deep_hole,42.184232013728625,59.880395319189276,0.019595427448888158,0.05752220392306212,0.009154943091895351,0.0026073453794753566,1.1196825223223694e-07,3.259130987536179e-08,1.0712000760152129e-07,5.2097078622937555e-06,0.0022068441317225533,3.622985651964752e-11,10.967707379354534
-0.15,1.0,W2,zero,deep_hole,42.184232013728625,59.880395319189276,0.019595427448888158,0.05752220392306212,0.009154943091895351,0.004,5.002804283246582e-08,5.792252049820509e-09,4.969159773883694e-08,6.754781784279377e-06,0.0009860303304315143,1.1554245226266463e-17,10.967707379354534
